hotel_id,category,photo_id,avatar_url,caption,contributions,date_posted,helpful_votes,location,photo_url,user
1954295,Room,1,http://lorempixel.com/640/480,Qui nesciunt qui sint est laudantium autem reiciendis rerum aut.,100,Oct 9,12,Mauriciohaven,http://lorempixel.com/640/480,Philip Grady II
2953510,Dining,2,http://lorempixel.com/640/480,Rerum voluptatem distinctio dolorem maxime laudantium.,11,Aug 12,30,Lake Janie,http://lorempixel.com/640/480,Pansy Casper
1838519,Pool,3,http://lorempixel.com/640/480,Minus ratione ipsa autem velit iusto veritatis nam sunt.,49,Jul 18,28,Johnpaulburgh,http://lorempixel.com/640/480,Marvin Mayert
4296453,Bathroom,4,http://lorempixel.com/640/480,Impedit doloremque quia odio alias ut voluptatem sapiente.,35,Aug 30,20,Lake Corine,http://lorempixel.com/640/480,Torrance Herzog
8373555,Gym,5,http://lorempixel.com/640/480,Est cumque harum.,76,Feb 13,15,Torphyburgh,http://lorempixel.com/640/480,Mathilde Batz
3387889,Pool,6,http://lorempixel.com/640/480,Et et soluta tempora minus totam aut.,85,Jun 16,3,East Royal,http://lorempixel.com/640/480,Myriam Quitzon
141898,Amenities,7,http://lorempixel.com/640/480,Provident odio sed nesciunt corrupti velit sunt sit.,50,Dec 28,15,Rosenbaumburgh,http://lorempixel.com/640/480,Audreanne Senger
2405558,Pool,8,http://lorempixel.com/640/480,Minus perspiciatis odit velit id dignissimos et et.,11,Nov 15,21,North Jonatan,http://lorempixel.com/640/480,Otho Effertz
7458571,Amenities,9,http://lorempixel.com/640/480,Eius ut eaque ipsam doloremque sequi error unde eos quisquam.,51,Oct 2,30,Ricefort,http://lorempixel.com/640/480,Jada Kozey
2426981,Dining,10,http://lorempixel.com/640/480,Eos eum inventore beatae.,47,Mar 16,16,West Velda,http://lorempixel.com/640/480,Ms. Melvina Altenwerth
