user_id,name,avatar_url,location,contribution
1,Sylvester Stracke,http://lorempixel.com/640/480,East Cory,52
2,Jamaal Nitzsche,http://lorempixel.com/640/480,Lake Noah,62
3,Quincy Schmidt,http://lorempixel.com/640/480,Lake Terrillside,58
4,Vincenzo Denesik,http://lorempixel.com/640/480,Port Arleneborough,45
5,Claire Ferry,http://lorempixel.com/640/480,South Marshallberg,25
6,Amiya Nicolas,http://lorempixel.com/640/480,New Brycen,88
7,Antonio Effertz,http://lorempixel.com/640/480,Bellefurt,49
8,Iva Kling,http://lorempixel.com/640/480,Kutchstad,66
9,Luis Schneider,http://lorempixel.com/640/480,Brownview,60
10,Bernita Marvin,http://lorempixel.com/640/480,Port Everardo,5
